LOSS,EPOCH
253.16355049826882,0.0
253.16351595791903,1.0
