LOSS,EPOCH
253.16357088955965,0.0
253.1635439786044,1.0
